period1,period2,period3,final_note
1.5,1.0499999999999998,1.4,3.9
1.2,1.75,1.0499999999999998,4.0
0.8999999999999999,1.4,1.0499999999999998,3.3
0.8999999999999999,1.4,1.75,4.0
0.6,1.0499999999999998,0.7,2.3
1.2,1.75,0.35,3.3
1.2,1.75,1.75,4.7
