period1,period2,period3,final_note
0.8999999999999999,1.4,1.575,3.9
0.8999999999999999,0.7,1.19,2.8
